{
  "step": 18,
  "distance": 1.1092339699089655,
  "slope": 2.083333333333316,
  "slope_degree": 119.36620731892053,
  "turn_angle": 0.0,
  "previous_slope": 119.36620731892053,
  "power": 2.07,
  "state": true,
  "speed": 30.0,
  "running_time": 0.03697446566363218,
  "total_distance": 1357.837510982632,
  "total_running_time": 45.26125036608774,
  "mobility": {},
  "p": {
    "x": 0.0,
    "y": 0.0
  }
}